{"cameraMode":{"drawMode":0,"name":"Shaded","section":"Shading Mode"},"sceneLighting":false,"audioPlay":false,"sceneViewState":{"m_AlwaysRefresh":false,"showFog":true,"showSkybox":true,"showFlares":true,"showImageEffects":true,"showParticleSystems":true,"showVisualEffectGraphs":true,"m_FxEnabled":true},"in2DMode":false,"pivot":{"x":-168.13677978515626,"y":-64.14297485351563,"z":138.3518829345703},"rotation":{"x":-0.011177963577210904,"y":0.9894546866416931,"z":-0.10034198313951493,"w":-0.10731235146522522},"size":109.01104736328125,"orthographic":false}