{"cameraMode":{"drawMode":0,"name":"Shaded","section":"Shading Mode"},"sceneLighting":false,"audioPlay":false,"sceneViewState":{"m_AlwaysRefresh":false,"showFog":true,"showSkybox":true,"showFlares":true,"showImageEffects":true,"showParticleSystems":true,"showVisualEffectGraphs":true,"m_FxEnabled":true},"in2DMode":false,"pivot":{"x":90.22784423828125,"y":20.97425651550293,"z":150.8476104736328},"rotation":{"x":-0.011591064743697644,"y":0.834919273853302,"z":0.016804900020360948,"w":0.5507791638374329},"size":192.68621826171876,"orthographic":false}