{"cameraMode":{"drawMode":0,"name":"Shaded","section":"Shading Mode"},"sceneLighting":false,"audioPlay":false,"sceneViewState":{"m_AlwaysRefresh":false,"showFog":true,"showSkybox":true,"showFlares":true,"showImageEffects":true,"showParticleSystems":true,"showVisualEffectGraphs":true,"m_FxEnabled":true},"in2DMode":false,"pivot":{"x":-30.304157257080079,"y":-41.59513473510742,"z":43.29991149902344},"rotation":{"x":0.021593164652585985,"y":0.9266314506530762,"z":-0.05500344559550285,"w":0.3724600374698639},"size":176.44854736328126,"orthographic":false}