{"cameraMode":{"drawMode":0,"name":"Shaded","section":"Shading Mode"},"sceneLighting":false,"audioPlay":false,"sceneViewState":{"m_AlwaysRefresh":false,"showFog":true,"showSkybox":true,"showFlares":true,"showImageEffects":true,"showParticleSystems":true,"showVisualEffectGraphs":true,"m_FxEnabled":true},"in2DMode":false,"pivot":{"x":-159.74258422851563,"y":-50.59955978393555,"z":134.3146209716797},"rotation":{"x":-0.006343723274767399,"y":0.9941650629043579,"z":-0.06927752494812012,"w":-0.08675404638051987},"size":109.01104736328125,"orthographic":false}