{"cameraMode":{"drawMode":0,"name":"Shaded","section":"Shading Mode"},"sceneLighting":false,"audioPlay":false,"sceneViewState":{"m_AlwaysRefresh":false,"showFog":true,"showSkybox":true,"showFlares":true,"showImageEffects":true,"showParticleSystems":true,"showVisualEffectGraphs":true,"m_FxEnabled":true},"in2DMode":false,"pivot":{"x":-159.10720825195313,"y":-66.41376495361328,"z":148.97109985351563},"rotation":{"x":-0.010594331659376622,"y":0.9898644089698792,"z":-0.10940327495336533,"w":-0.09386096894741059},"size":102.0755386352539,"orthographic":false}